<?xml version="1.0" encoding="UTF-8"?>
<project-private xmlns="http://www.netbeans.org/ns/project-private/1">
    <editor-bookmarks xmlns="http://www.netbeans.org/ns/editor-bookmarks/2" lastBookmarkId="0"/>
    <open-files xmlns="http://www.netbeans.org/ns/projectui-open-files/2">
        <group>
            <file>file:/C:/Users/predavac/Desktop/JAVA%20PRODAVNICA/Prodavnica/src/java/controllers/ProizvodiController.java</file>
            <file>file:/C:/Users/predavac/Desktop/JAVA%20PRODAVNICA/Prodavnica/web/index.xhtml</file>
            <file>file:/C:/Users/predavac/Desktop/JAVA%20PRODAVNICA/Prodavnica/web/korpa.xhtml</file>
        </group>
    </open-files>
</project-private>
